[
        {
          "code": "67085e803fa09acd16b6ce46",
          "name": "Nola Finley Hegmann",
          "password": "FxQy6VxguozTeHa",
          "gmail": "Thomas_Parisian@gmail.com",
          "country": "Trinidad and Tobago",
          "age": "25",
          "avgProgramming": "19.65",
          "avgCourse2": "18.09"
        },
        {
          "code": "67085e803fa09acd16b6ce47",
          "name": "Name Ryan McKenzie",
          "password": "z4fOYDQxr7Cb2vX",
          "gmail": "Xavier.Rodriguez60@gmail.com",
          "country": "Bonaire, Sint Eustatius and Saba",
          "age": "16",
          "avgProgramming": "9.67",
          "avgCourse2": "18.42"
        },
        {
          "code": "67085e803fa09acd16b6ce48",
          "name": "Maureen North Koepp",
          "password": "RrhGBcTWF4NNxv_",
          "gmail": "Isabelle.Mohr@gmail.com",
          "country": "Romania",
          "age": "28",
          "avgProgramming": "19.52",
          "avgCourse2": "9.12"
        },
        {
          "code": "67085e803fa09acd16b6ce49",
          "name": "Lavinia Jaden Glover",
          "password": "Hgw5AGxo4MJ00id",
          "gmail": "Ari_Sporer@gmail.com",
          "country": "Samoa",
          "age": "23",
          "avgProgramming": "12.05",
          "avgCourse2": "16.08"
        },
        {
          "code": "67085e803fa09acd16b6ce4a",
          "name": "Douglas Brooklyn Swift",
          "password": "Dx1IKU8i4amMZxT",
          "gmail": "Sven_Auer@example.com",
          "country": "Costa Rica",
          "age": "29",
          "avgProgramming": "8.48",
          "avgCourse2": "4.85"
        },
        {
          "code": "67085e803fa09acd16b6ce4b",
          "name": "Dewitt Elliott Kohler",
          "password": "vnpqtMv8Fqc1GIP",
          "gmail": "Amanda.Goodwin98@gmail.com",
          "country": "Luxembourg",
          "age": "17",
          "avgProgramming": "19.2",
          "avgCourse2": "15.06"
        },
        {
          "code": "67085e803fa09acd16b6ce4c",
          "name": "Brian Addison Kling",
          "password": "Hysu1JgqxKI32Xj",
          "gmail": "Victoria56@example.com",
          "country": "Saudi Arabia",
          "age": "15",
          "avgProgramming": "19.53",
          "avgCourse2": "8.43"
        },
        {
          "code": "67085e803fa09acd16b6ce4d",
          "name": "Vallie Addison Nicolas",
          "password": "fqvBrjpM0oOC_qy",
          "gmail": "Wilma23@gmail.com",
          "country": "Portugal",
          "age": "14",
          "avgProgramming": "17.35",
          "avgCourse2": "10.46"
        },
        {
          "code": "67085e803fa09acd16b6ce4e",
          "name": "Emelia Addison Gottlieb",
          "password": "I6hi50mm3JX_dId",
          "gmail": "Oleta76@example.com",
          "country": "Mali",
          "age": "25",
          "avgProgramming": "4.72",
          "avgCourse2": "10.28"
        },
        {
          "code": "67085e803fa09acd16b6ce4f",
          "name": "Sabina Charlie Batz",
          "password": "7wHAOAh3VD0rq2h",
          "gmail": "Issac_Carroll66@gmail.com",
          "country": "Vietnam",
          "age": "24",
          "avgProgramming": "11.74",
          "avgCourse2": "10.17"
        },
        {
          "code": "67085e803fa09acd16b6ce50",
          "name": "Abdullah Reese Gorczany",
          "password": "4F7qr0crr4vN_FW",
          "gmail": "Cordelia.Koelpin@gmail.com",
          "country": "Turkmenistan",
          "age": "22",
          "avgProgramming": "17.07",
          "avgCourse2": "6.11"
        },
        {
          "code": "67085e803fa09acd16b6ce51",
          "name": "Ethyl Kennedy Hermann",
          "password": "IVm6vQFhjHxmSww",
          "gmail": "Brannon.Kutch94@example.com",
          "country": "Saudi Arabia",
          "age": "13",
          "avgProgramming": "12.25",
          "avgCourse2": "11.48"
        },
        {
          "code": "67085e803fa09acd16b6ce52",
          "name": "Vince Nico Rohan-Stokes",
          "password": "hWHApe1QhAQt3cK",
          "gmail": "Lance_Funk-Miller@gmail.com",
          "country": "Saint Pierre and Miquelon",
          "age": "19",
          "avgProgramming": "15.49",
          "avgCourse2": "11.21"
        },
        {
          "code": "67085e803fa09acd16b6ce53",
          "name": "Ashleigh Jaden Bahringer",
          "password": "594ws_LuDo_gMh2",
          "gmail": "Michelle17@gmail.com",
          "country": "Ukraine",
          "age": "17",
          "avgProgramming": "5.87",
          "avgCourse2": "17.47"
        },
        {
          "code": "67085e803fa09acd16b6ce54",
          "name": "Meghan Taylor Howe",
          "password": "dW9n30lUJceuNmL",
          "gmail": "Wilhelmine.Beatty@example.com",
          "country": "Pakistan",
          "age": "20",
          "avgProgramming": "19.61",
          "avgCourse2": "6.2"
        }
      ]