[
    {
        "id": 1,
        "code": "CUR001",
        "url": "/cliente/cursos/cursosDetalles.html",
        "author": "Alvaro Chirou",
        "name": "Python Practicando. Desde 0 hasta Desarrollador en Python",
        "score": "4,6",
        "stars": "9",
        "votes": "21.363",
        "price": 49.90,
        "pricePrevous": "199,90 S/",
        "portada": "/cliente/principal/pictures/carousel/image.png",
        "detalles": "<span>25,5 horas de vídeo bajo demanda</span><span>21 artículos</span><span>147 recursos descargables</span><span>Acceso en dispositivos móviles y TV</span><span>Certificado de finalización</span>",
        "lastUpdate": "9/2024",
        "language": "Español",
        "habilidades": "",
        "requisitos":"",
        "shortDescription": "Aprende Python, donde iniciamos desde 0, sin conocimientos previos hasta desarrollar aplicaciones con mucha practica!",
        "description": "<b>Python</b> es Hoy uno de los lenguajes <b>más utilizados por Excelencia</b>.<br>Esto se debe por su <b>simpleza</b> al momento de <b>Desarrollar aplicaciones</b>.<br>Por su capacidad de <b>procesamiento a altas velocidades</b> con grandes volúmenes de información.<br>Es un <b>increíble lenguaje</b> con el cual si no sabes programar, <b>podrás aprender</b>.<br>Y si ya sabes desarrollarlo, te aseguro que en el <b>mercado cada vez se solicitan más desarrolladores en Python</b>.<br><b>Aspirar al trabajo que desean, o mejorar sus ingresos con un aumento de salario</b>.<br>Python se utiliza para muchísimas cosas como:<br><ul><li><b>Machine Learning</b></li><li><b>Data Science</b></li><li><b>Inteligencia Artificial</b></li><li>Y mucho más!</li></ul>En este curso te <b>acompañaré en el proceso</b> por el cual aprenderás las bases del lenguaje, para luego determinar qué camino quieres seguir.<br>Te invito a que me acompañes a conocer este <b>Gran Lenguaje</b>!<br>Yo soy <b>Álvaro Chirou</b>, tengo <b>más de 20 Años</b> de experiencia trabajando en <b>Tecnología</b>, he dado conferencias en eventos internacionales como <b>OWASP</b>, tengo más de <b>500.000 estudiantes en Udemy</b> y <b>100 formaciones profesionales impartidas en la misma.</b><br>Junto a mi compañero <b>Walter Coto</b> donde con él hemos dado formaciones profesionales en conjunto también en la plataforma de Udemy, hoy les traemos esta formación especialmente pensada para el lenguaje más demandado por el mercado.<br>Tendrás acceso de por vida al curso, recibirás actualizaciones y respuestas a tus preguntas a través de la plataforma de Udemy.<br>Empieza a aprender ya mismo!<br>Nos vemos dentro!<br>Tus profesores: <b>Álvaro Chirou y Walter Coto</b>.",
        "contenidos": [
            {
                "code": "CON001",
                "nombre": "Clase 1",
                "descripcion": "Introducción a la programación"
            },
            {
                "code": "CON002",
                "nombre": "Clase 2",
                "descripcion": "Estructuras de control"
            },
            {
                "code": "CON003",
                "nombre": "Clase 3",
                "descripcion": "Funciones y módulos"
            },
            {
                "code": "CON004",
                "nombre": "Clase 4",
                "descripcion": "Programación orientada a objetos"
            },
            {
                "code": "CON005",
                "nombre": "Clase 5",
                "descripcion": "Manejo de excepciones"
            },
            {
                "code": "CON006",
                "nombre": "Clase 6",
                "descripcion": "Archivos y bases de datos"
            },
            {
                "code": "CON007",
                "nombre": "Clase 7",
                "descripcion": "Desarrollo web con HTML y CSS"
            },
            {
                "code": "CON008",
                "nombre": "Clase 8",
                "descripcion": "JavaScript y la programación del lado del cliente"
            },
            {
                "code": "CON009",
                "nombre": "Clase 9",
                "descripcion": "Introducción a frameworks de desarrollo web"
            },
            {
                "code": "CON010",
                "nombre": "Clase 10",
                "descripcion": "Proyecto final de programación"
            }
        ]
    },
    {
        "id": 2,
        "code": "CUR002",
        "url": "/cliente/cursos/cursosDetalles.html",
        "author": "María Rodriguez",
        "name": "Desarrollo Web con JavaScript y React",
        "score": "4,8",
        "stars": "9",
        "votes": "10.123",
        "price": "69,90 S/",
        "pricePrevous": "299,90 S/",
        "portada": "/cliente/principal/pictures/carousel/image2.png",
        "detalles": "<span>25,5 horas de vídeo bajo demanda</span><span>21 artículos</span><span>147 recursos descargables</span><span>Acceso en dispositivos móviles y TV</span><span>Certificado de finalización</span>",
        "lastUpdate": "9/2024",
        "language": "Español"
    },
    {
        "id": 3,
        "code": "CUR003",
        "url": "/cliente/cursos/cursosDetalles.html",
        "author": "Juan Pérez",
        "name": "Introducción a la Inteligencia Artificial",
        "score": "4,4",
        "stars": "8",
        "votes": "5.012",
        "price": "39,90 S/",
        "pricePrevous": "149,90 S/",
        "portada": "/cliente/principal/pictures/carousel/image3.png",
        "detalles": "<span>25,5 horas de vídeo bajo demanda</span><span>21 artículos</span><span>147 recursos descargables</span><span>Acceso en dispositivos móviles y TV</span><span>Certificado de finalización</span>",
        "lastUpdate": "9/2024",
        "language": "Español"
    },
    {
        "id": 4,
        "code": "CUR004",
        "url": "/cliente/cursos/cursosDetalles.html",
        "author": "Ana García",
        "name": "Bases de Datos con MySQL",
        "score": "4,7",
        "stars": "9",
        "votes": "8.219",
        "price": "59,90 S/",
        "pricePrevous": "249,90 S/",
        "portada": "/cliente/principal/pictures/carousel/image4.png",
        "detalles": "<span>25,5 horas de vídeo bajo demanda</span><span>21 artículos</span><span>147 recursos descargables</span><span>Acceso en dispositivos móviles y TV</span><span>Certificado de finalización</span>",
        "lastUpdate": "9/2024",
        "language": "Español"
    },
    {
        "id": 5,
        "code": "CUR005",
        "url": "/cliente/cursos/cursosDetalles.html",
        "author": "Luis Martín",
        "name": "Seguridad Informática y Ciberseguridad",
        "score": "4,5",
        "stars": "8",
        "votes": "3.015",
        "price": "49,90 S/",
        "pricePrevous": "199,90 S/",
        "portada": "/cliente/principal/pictures/carousel/image5.png",
        "detalles": "<span>25,5 horas de vídeo bajo demanda</span><span>21 artículos</span><span>147 recursos descargables</span><span>Acceso en dispositivos móviles y TV</span><span>Certificado de finalización</span>",
        "lastUpdate": "9/2024",
        "language": "Español"
    },
    {
        "id": 6,
        "code": "CUR006",
        "url": "/cliente/cursos/cursosDetalles.html",
        "author": "Eva López",
        "name": "Diseño UX/UI para Aplicaciones Móviles",
        "score": "4,9",
        "stars": "9",
        "votes": "2.118",
        "price": "79,90 S/",
        "pricePrevous": "349,90 S/",
        "portada": "/cliente/principal/pictures/carousel/image6.png",
        "detalles": "<span>25,5 horas de vídeo bajo demanda</span><span>21 artículos</span><span>147 recursos descargables</span><span>Acceso en dispositivos móviles y TV</span><span>Certificado de finalización</span>",
        "lastUpdate": "9/2024",
        "language": "Español"
    },
    {
        "id": 7,
        "code": "CUR007",
        "url": "/cliente/cursos/index.html",
        "author": "Pedro Alonso",
        "name": "Desarrollo de Videojuegos con Unity",
        "score": "4,6",
        "stars": "9",
        "votes": "1.512",
        "price": "89,90 S/",
        "pricePrevous": "399,90 S/",
        "portada": "/cliente/principal/pictures/carousel/image7.png",
        "detalles": "<span>25,5 horas de vídeo bajo demanda</span><span>21 artículos</span><span>147 recursos descargables</span><span>Acceso en dispositivos móviles y TV</span><span>Certificado de finalización</span>",
        "lastUpdate": "9/2024",
        "language": "Español"
    },
    {
        "id": 8,
        "code": "CUR008",
        "url": "/cliente/cursos/index.html",
        "author": "Sofía Gómez",
        "name": "Marketing Digital y SEO",
        "score": "4,8",
        "stars": "9",
        "votes": "2.817",
        "price": "59,90 S/",
        "pricePrevous": "249,90 S/",
        "portada": "/cliente/principal/pictures/carousel/image8.png",
        "detalles": "<span>25,5 horas de vídeo bajo demanda</span><span>21 artículos</span><span>147 recursos descargables</span><span>Acceso en dispositivos móviles y TV</span><span>Certificado de finalización</span>",
        "lastUpdate": "9/2024",
        "language": "Español"
    },
    {
        "id": 9,
        "code": "CUR009",
        "url": "/cliente/cursos/index.html",
        "author": "Carlos Ruiz",
        "name": "Análisis de Datos con Tableau",
        "score": "4,7",
        "stars": "9",
        "votes": "1.209",
        "price": "49,90 S/",
        "pricePrevous": "199,90 S/",
        "portada": "/cliente/principal/pictures/carousel/image9.png",
        "detalles": "<span>25,5 horas de vídeo bajo demanda</span><span>21 artículos</span><span>147 recursos descargables</span><span>Acceso en dispositivos móviles y TV</span><span>Certificado de finalización</span>",
        "lastUpdate": "9/2024",
        "language": "Español"
    },
    {
        "id": 10,
        "code": "CUR010",
        "url": "/cliente/cursos/index.html",
        "author": "Daniel Sánchez",
        "name": "Programación en Java para Principiantes",
        "score": "4,5",
        "stars": "8",
        "votes": "1.015",
        "price": "39,90 S/",
        "pricePrevous": "149,90 S/",
        "portada": "/cliente/principal/pictures/carousel/image10.png",
        "detalles": "<span>25,5 horas de vídeo bajo demanda</span><span>21 artículos</span><span>147 recursos descargables</span><span>Acceso en dispositivos móviles y TV</span><span>Certificado de finalización</span>",
        "lastUpdate": "9/2024",
        "language": "Español"
    },
    {
        "id": 11,
        "code": "CUR011",
        "url": "/cliente/cursos/index.html",
        "author": "Rosa García",
        "name": "Diseño Gráfico con Adobe Creative Cloud",
        "score": "4,8",
        "stars": "9",
        "votes": "1.512",
        "price": "69,90 S/",
        "pricePrevous": "299,90 S/",
        "portada": "/cliente/principal/pictures/carousel/image11.png",
        "detalles": "<span>25,5 horas de vídeo bajo demanda</span><span>21 artículos</span><span>147 recursos descargables</span><span>Acceso en dispositivos móviles y TV</span><span>Certificado de finalización</span>",
        "lastUpdate": "9/2024",
        "language": "Español"
    },
    {
        "id": 12,
        "code": "CUR012",
        "url": "/cliente/cursos/index.html",
        "author": "José Luis",
        "name": "Desarrollo de Aplicaciones Móviles con Flutter",
        "score": "4,6",
        "stars": "9",
        "votes": "1.209",
        "price": "59,90 S/",
        "pricePrevous": "249,90 S/",
        "portada": "/cliente/principal/pictures/carousel/image12.png",
        "detalles": "<span>25,5 horas de vídeo bajo demanda</span><span>21 artículos</span><span>147 recursos descargables</span><span>Acceso en dispositivos móviles y TV</span><span>Certificado de finalización</span>",
        "lastUpdate": "9/2024",
        "language": "Español"
    },
    {
        "id": 13,
        "code": "CUR013",
        "url": "/cliente/cursos/index.html",
        "author": "Eva Hernández",
        "name": "Marketing en Redes Sociales",
        "score": "4,7",
        "stars": "9",
        "votes": "1.015",
        "price": "49,90 S/",
        "pricePrevous": "199,90 S/",
        "portada": "/cliente/principal/pictures/carousel/image13.png",
        "detalles": "<span>25,5 horas de vídeo bajo demanda</span><span>21 artículos</span><span>147 recursos descargables</span><span>Acceso en dispositivos móviles y TV</span><span>Certificado de finalización</span>",
        "lastUpdate": "9/2024",
        "language": "Español"
    },
    {
        "id": 14,
        "code": "CUR014",
        "url": "/cliente/cursos/index.html",
        "author": "Juan Carlos",
        "name": "Seguridad en la Nube con AWS",
        "score": "4,5",
        "stars": "8",
        "votes": "815",
        "price": "69,90 S/",
        "pricePrevous": "299,90 S/",
        "portada": "/cliente/principal/pictures/carousel/image14.png",
        "detalles": "<span>25,5 horas de vídeo bajo demanda</span><span>21 artículos</span><span>147 recursos descargables</span><span>Acceso en dispositivos móviles y TV</span><span>Certificado de finalización</span>",
        "lastUpdate": "9/2024",
        "language": "Español"
    },
    {
        "id": 15,
        "code": "CUR015",
        "url": "/cliente/cursos/index.html",
        "author": "María José",
        "name": "Introducción a la Programación con C++",
        "score": "4,4",
        "stars": "8",
        "votes": "612",
        "price": "39,90 S/",
        "pricePrevous": "149,90 S/",
        "portada": "/cliente/principal/pictures/carousel/image15.png",
        "detalles": "<span>25,5 horas de vídeo bajo demanda</span><span>21 artículos</span><span>147 recursos descargables</span><span>Acceso en dispositivos móviles y TV</span><span>Certificado de finalización</span>",
        "lastUpdate": "9/2024",
        "language": "Español"
    }
]