[
    {
        "id": 1,
        "url": "/cliente/cursos/cursosDetalles.html",
        "author": "Alvaro Chirou",
        "name": "Python Practicando. Desde 0 hasta Desarrollador en Python",
        "score": "4,6",
        "stars": "9",
        "votes": "21.363",
        "price": "49,90 S/",
        "pricePrevous": "199,90 S/",
        "portada": "/cliente/principal/pictures/carousel/image.png",
        "detalles": "<span>25,5 horas de vídeo bajo demanda</span><span>21 artículos</span><span>147 recursos descargables</span><span>Acceso en dispositivos móviles y TV</span><span>Certificado de finalización</span>",
        "lastUpdate": "9/2024",
        "language": "Español"
    },
    {
        "id": 2,
        "url": "/cliente/cursos/cursosDetalles.html",
        "author": "María Rodriguez",
        "name": "Desarrollo Web con JavaScript y React",
        "score": "4,8",
        "stars": "9",
        "votes": "10.123",
        "price": "69,90 S/",
        "pricePrevous": "299,90 S/",
        "portada": "/cliente/principal/pictures/carousel/image2.png"
    },
    {
        "id": 3,
        "url": "/cliente/cursos/cursosDetalles.html",
        "author": "Juan Pérez",
        "name": "Introducción a la Inteligencia Artificial",
        "score": "4,4",
        "stars": "8",
        "votes": "5.012",
        "price": "39,90 S/",
        "pricePrevous": "149,90 S/",
        "portada": "/cliente/principal/pictures/carousel/image3.png"
    },
    {
        "id": 4,
        "url": "/cliente/cursos/cursosDetalles.html",
        "author": "Ana García",
        "name": "Bases de Datos con MySQL",
        "score": "4,7",
        "stars": "9",
        "votes": "8.219",
        "price": "59,90 S/",
        "pricePrevous": "249,90 S/",
        "portada": "/cliente/principal/pictures/carousel/image4.png"
    },
    {
        "id": 5,
        "url": "/cliente/cursos/cursosDetalles.html",
        "author": "Luis Martín",
        "name": "Seguridad Informática y Ciberseguridad",
        "score": "4,5",
        "stars": "8",
        "votes": "3.015",
        "price": "49,90 S/",
        "pricePrevous": "199,90 S/",
        "portada": "/cliente/principal/pictures/carousel/image5.png"
    },
    {
        "id": 6,
        "url": "/cliente/cursos/cursosDetalles.html",
        "author": "Eva López",
        "name": "Diseño UX/UI para Aplicaciones Móviles",
        "score": "4,9",
        "stars": "9",
        "votes": "2.118",
        "price": "79,90 S/",
        "pricePrevous": "349,90 S/",
        "portada": "/cliente/principal/pictures/carousel/image6.png"
    },
    {
        "id": 7,
        "url": "/cliente/cursos/index.html",
        "author": "Pedro Alonso",
        "name": "Desarrollo de Videojuegos con Unity",
        "score": "4,6",
        "stars": "9",
        "votes": "1.512",
        "price": "89,90 S/",
        "pricePrevous": "399,90 S/",
        "portada": "/cliente/principal/pictures/carousel/image7.png"
    },
    {
        "id": 8,
        "url": "/cliente/cursos/index.html",
        "author": "Sofía Gómez",
        "name": "Marketing Digital y SEO",
        "score": "4,8",
        "stars": "9",
        "votes": "2.817",
        "price": "59,90 S/",
        "pricePrevous": "249,90 S/",
        "portada": "/cliente/principal/pictures/carousel/image8.png"
    },
    {
        "id": 9,
        "url": "/cliente/cursos/index.html",
        "author": "Carlos Ruiz",
        "name": "Análisis de Datos con Tableau",
        "score": "4,7",
        "stars": "9",
        "votes": "1.209",
        "price": "49,90 S/",
        "pricePrevous": "199,90 S/",
        "portada": "/cliente/principal/pictures/carousel/image9.png"
    },
    {
        "id": 10,
        "url": "/cliente/cursos/index.html",
        "author": "Daniel Sánchez",
        "name": "Programación en Java para Principiantes",
        "score": "4,5",
        "stars": "8",
        "votes": "1.015",
        "price": "39,90 S/",
        "pricePrevous": "149,90 S/",
        "portada": "/cliente/principal/pictures/carousel/image10.png"
    },
    {
        "id": 11,
        "url": "/cliente/cursos/index.html",
        "author": "Rosa García",
        "name": "Diseño Gráfico con Adobe Creative Cloud",
        "score": "4,8",
        "stars": "9",
        "votes": "1.512",
        "price": "69,90 S/",
        "pricePrevous": "299,90 S/",
        "portada": "/cliente/principal/pictures/carousel/image11.png"
    },
    {
        "id": 12,
        "url": "/cliente/cursos/index.html",
        "author": "José Luis",
        "name": "Desarrollo de Aplicaciones Móviles con Flutter",
        "score": "4,6",
        "stars": "9",
        "votes": "1.209",
        "price": "59,90 S/",
        "pricePrevous": "249,90 S/",
        "portada": "/cliente/principal/pictures/carousel/image12.png"
    },
    {
        "id": 13,
        "url": "/cliente/cursos/index.html",
        "author": "Eva Hernández",
        "name": "Marketing en Redes Sociales",
        "score": "4,7",
        "stars": "9",
        "votes": "1.015",
        "price": "49,90 S/",
        "pricePrevous": "199,90 S/",
        "portada": "/cliente/principal/pictures/carousel/image13.png"
    },
    {
        "id": 14,
        "url": "/cliente/cursos/index.html",
        "author": "Juan Carlos",
        "name": "Seguridad en la Nube con AWS",
        "score": "4,5",
        "stars": "8",
        "votes": "815",
        "price": "69,90 S/",
        "pricePrevous": "299,90 S/",
        "portada": "/cliente/principal/pictures/carousel/image14.png"
    },
    {
        "id": 15,
        "url": "/cliente/cursos/index.html",
        "author": "María José",
        "name": "Introducción a la Programación con C++",
        "score": "4,4",
        "stars": "8",
        "votes": "612",
        "price": "39,90 S/",
        "pricePrevous": "149,90 S/",
        "portada": "/cliente/principal/pictures/carousel/image15.png"
    }
]